<?xml version="1.0" encoding="utf-8"?>
<openerp>
	<data noupdate="1">
	  
	<!-- Municipios -->
	<record id="geo_mun_AMA_ATA" model="municipio">
		<field name="codigo">ATA</field>
		<field name="municipio">Autónomo Atabapo</field>
		<field name="estado_id" ref="geo_est_AMA"/>
	</record>

	<record id="geo_mun_AMA_ATU" model="municipio">
		<field name="codigo">ATU</field>
		<field name="municipio">Autónomo Atures</field>
		<field name="estado_id" ref="geo_est_AMA"/>
	</record>

	<record id="geo_mun_AMA_AUT" model="municipio">
		<field name="codigo">AUT</field>
		<field name="municipio">Autónomo Autana</field>
		<field name="estado_id" ref="geo_est_AMA"/>
	</record>

	<record id="geo_mun_AMA_MAR" model="municipio">
		<field name="codigo">MAR</field>
		<field name="municipio">Autónomo Maroa</field>
		<field name="estado_id" ref="geo_est_AMA"/>
	</record>

	<record id="geo_mun_AMA_MAN" model="municipio">
		<field name="codigo">MAN</field>
		<field name="municipio">Autónomo Manapiare</field>
		<field name="estado_id" ref="geo_est_AMA"/>
	</record>

	<record id="geo_mun_AMA_RIO" model="municipio">
		<field name="codigo">RIO</field>
		<field name="municipio">Autónomo Río Negro</field>
		<field name="estado_id" ref="geo_est_AMA"/>
	</record>

	<record id="geo_mun_AMA_AOR" model="municipio">
		<field name="codigo">AOR</field>
		<field name="municipio">Alto Orinoco</field>
		<field name="estado_id" ref="geo_est_AMA"/>
	</record>

	<record id="geo_mun_ANZ_ANA" model="municipio">
		<field name="codigo">ANA</field>
		<field name="municipio">Anaco</field>
		<field name="estado_id" ref="geo_est_ANZ"/>
	</record>

	<record id="geo_mun_ANZ_ARA" model="municipio">
		<field name="codigo">ARA</field>
		<field name="municipio">Aragua</field>
		<field name="estado_id" ref="geo_est_ANZ"/>
	</record>

	<record id="geo_mun_ANZ_FER" model="municipio">
		<field name="codigo">FER</field>
		<field name="municipio">Fernando De Peñalver</field>
		<field name="estado_id" ref="geo_est_ANZ"/>
	</record>

	<record id="geo_mun_ANZ_FCC" model="municipio">
		<field name="codigo">FCC</field>
		<field name="municipio">Francisco Del Carmen Carvajal</field>
		<field name="estado_id" ref="geo_est_ANZ"/>
	</record>

	<record id="geo_mun_ANZ_FMI" model="municipio">
		<field name="codigo">FMI</field>
		<field name="municipio">Francisco De Miranda</field>
		<field name="estado_id" ref="geo_est_ANZ"/>
	</record>

	<record id="geo_mun_ANZ_GUA" model="municipio">
		<field name="codigo">GUA</field>
		<field name="municipio">Guanta</field>
		<field name="estado_id" ref="geo_est_ANZ"/>
	</record>

	<record id="geo_mun_ANZ_IND" model="municipio">
		<field name="codigo">IND</field>
		<field name="municipio">Independencia</field>
		<field name="estado_id" ref="geo_est_ANZ"/>
	</record>

	<record id="geo_mun_ANZ_JAS" model="municipio">
		<field name="codigo">JAS</field>
		<field name="municipio">Juan Antonio Sotillo</field>
		<field name="estado_id" ref="geo_est_ANZ"/>
	</record>

	<record id="geo_mun_ANZ_JMC" model="municipio">
		<field name="codigo">JMC</field>
		<field name="municipio">Juan Manuel Cajigal</field>
		<field name="estado_id" ref="geo_est_ANZ"/>
	</record>

	<record id="geo_mun_ANZ_JGM" model="municipio">
		<field name="codigo">JGM</field>
		<field name="municipio">José Gregorio Monagas</field>
		<field name="estado_id" ref="geo_est_ANZ"/>
	</record>

	<record id="geo_mun_ANZ_LIB" model="municipio">
		<field name="codigo">LIB</field>
		<field name="municipio">Libertad</field>
		<field name="estado_id" ref="geo_est_ANZ"/>
	</record>

	<record id="geo_mun_ANZ_MEB" model="municipio">
		<field name="codigo">MEB</field>
		<field name="municipio">Manuel Ezequiel Bruzual</field>
		<field name="estado_id" ref="geo_est_ANZ"/>
	</record>

	<record id="geo_mun_ANZ_PMF" model="municipio">
		<field name="codigo">PMF</field>
		<field name="municipio">Pedro María Freites</field>
		<field name="estado_id" ref="geo_est_ANZ"/>
	</record>

	<record id="geo_mun_ANZ_PIR" model="municipio">
		<field name="codigo">PIR</field>
		<field name="municipio">Píritu</field>
		<field name="estado_id" ref="geo_est_ANZ"/>
	</record>

	<record id="geo_mun_ANZ_SJG" model="municipio">
		<field name="codigo">SJG</field>
		<field name="municipio">San José De Guanipa</field>
		<field name="estado_id" ref="geo_est_ANZ"/>
	</record>

	<record id="geo_mun_ANZ_SJC" model="municipio">
		<field name="codigo">SJC</field>
		<field name="municipio">San Juan De Capistrano</field>
		<field name="estado_id" ref="geo_est_ANZ"/>
	</record>

	<record id="geo_mun_ANZ_STA" model="municipio">
		<field name="codigo">STA</field>
		<field name="municipio">Santa Ana</field>
		<field name="estado_id" ref="geo_est_ANZ"/>
	</record>

	<record id="geo_mun_ANZ_SBO" model="municipio">
		<field name="codigo">SBO</field>
		<field name="municipio">Simón Bolívar</field>
		<field name="estado_id" ref="geo_est_ANZ"/>
	</record>

	<record id="geo_mun_ANZ_SRO" model="municipio">
		<field name="codigo">SRO</field>
		<field name="municipio">Simón Rodríguez</field>
		<field name="estado_id" ref="geo_est_ANZ"/>
	</record>

	<record id="geo_mun_ANZ_SAM" model="municipio">
		<field name="codigo">SAM</field>
		<field name="municipio">Sir Arthur Mc Gregor</field>
		<field name="estado_id" ref="geo_est_ANZ"/>
	</record>

	<record id="geo_mun_ANZ_DBU" model="municipio">
		<field name="codigo">DBU</field>
		<field name="municipio">Diego Bautista Urbaneja</field>
		<field name="estado_id" ref="geo_est_ANZ"/>
	</record>

	<record id="geo_mun_APU_ACH" model="municipio">
		<field name="codigo">ACH</field>
		<field name="municipio">Achaguas</field>
		<field name="estado_id" ref="geo_est_APU"/>
	</record>

	<record id="geo_mun_APU_BIR" model="municipio">
		<field name="codigo">BIR</field>
		<field name="municipio">Biruaca</field>
		<field name="estado_id" ref="geo_est_APU"/>
	</record>

	<record id="geo_mun_APU_MUN" model="municipio">
		<field name="codigo">MUN</field>
		<field name="municipio">Muñoz</field>
		<field name="estado_id" ref="geo_est_APU"/>
	</record>

	<record id="geo_mun_APU_PAE" model="municipio">
		<field name="codigo">PAE</field>
		<field name="municipio">Páez</field>
		<field name="estado_id" ref="geo_est_APU"/>
	</record>

	<record id="geo_mun_APU_PCA" model="municipio">
		<field name="codigo">PCA</field>
		<field name="municipio">Pedro Camejo</field>
		<field name="estado_id" ref="geo_est_APU"/>
	</record>

	<record id="geo_mun_APU_RGA" model="municipio">
		<field name="codigo">RGA</field>
		<field name="municipio">Rómulo Gallegos</field>
		<field name="estado_id" ref="geo_est_APU"/>
	</record>

	<record id="geo_mun_APU_SFE" model="municipio">
		<field name="codigo">SFE</field>
		<field name="municipio">San Fernando</field>
		<field name="estado_id" ref="geo_est_APU"/>
	</record>

	<record id="geo_mun_ARA_BOL" model="municipio">
		<field name="codigo">BOL</field>
		<field name="municipio">Bolívar</field>
		<field name="estado_id" ref="geo_est_ARA"/>
	</record>

	<record id="geo_mun_ARA_CAM" model="municipio">
		<field name="codigo">CAM</field>
		<field name="municipio">Camatagua</field>
		<field name="estado_id" ref="geo_est_ARA"/>
	</record>

	<record id="geo_mun_ARA_GIR" model="municipio">
		<field name="codigo">GIR</field>
		<field name="municipio">Girardot</field>
		<field name="estado_id" ref="geo_est_ARA"/>
	</record>

	<record id="geo_mun_ARA_JAL" model="municipio">
		<field name="codigo">JAL</field>
		<field name="municipio">José Angel Lamas</field>
		<field name="estado_id" ref="geo_est_ARA"/>
	</record>

	<record id="geo_mun_ARA_JFR" model="municipio">
		<field name="codigo">JFR</field>
		<field name="municipio">José Félix Ribas</field>
		<field name="estado_id" ref="geo_est_ARA"/>
	</record>

	<record id="geo_mun_ARA_JRR" model="municipio">
		<field name="codigo">JRR</field>
		<field name="municipio">José Rafael Revenga</field>
		<field name="estado_id" ref="geo_est_ARA"/>
	</record>

	<record id="geo_mun_ARA_LIB" model="municipio">
		<field name="codigo">LIB</field>
		<field name="municipio">Libertador</field>
		<field name="estado_id" ref="geo_est_ARA"/>
	</record>

	<record id="geo_mun_ARA_MBI" model="municipio">
		<field name="codigo">MBI</field>
		<field name="municipio">Mario Briceño Iragorry</field>
		<field name="estado_id" ref="geo_est_ARA"/>
	</record>

	<record id="geo_mun_ARA_SCA" model="municipio">
		<field name="codigo">SCA</field>
		<field name="municipio">San Casimiro</field>
		<field name="estado_id" ref="geo_est_ARA"/>
	</record>

	<record id="geo_mun_ARA_SSE" model="municipio">
		<field name="codigo">SSE</field>
		<field name="municipio">San Sebastián</field>
		<field name="estado_id" ref="geo_est_ARA"/>
	</record>

	<record id="geo_mun_ARA_SMA" model="municipio">
		<field name="codigo">SMA</field>
		<field name="municipio">Santiago Mariño</field>
		<field name="estado_id" ref="geo_est_ARA"/>
	</record>

	<record id="geo_mun_ARA_SMI" model="municipio">
		<field name="codigo">SMI</field>
		<field name="municipio">Santos Michelena</field>
		<field name="estado_id" ref="geo_est_ARA"/>
	</record>

	<record id="geo_mun_ARA_SUC" model="municipio">
		<field name="codigo">SUC</field>
		<field name="municipio">Sucre</field>
		<field name="estado_id" ref="geo_est_ARA"/>
	</record>

	<record id="geo_mun_ARA_TOV" model="municipio">
		<field name="codigo">TOV</field>
		<field name="municipio">Tovar</field>
		<field name="estado_id" ref="geo_est_ARA"/>
	</record>

	<record id="geo_mun_ARA_URD" model="municipio">
		<field name="codigo">URD</field>
		<field name="municipio">Urdaneta</field>
		<field name="estado_id" ref="geo_est_ARA"/>
	</record>

	<record id="geo_mun_ARA_ZAM" model="municipio">
		<field name="codigo">ZAM</field>
		<field name="municipio">Zamora</field>
		<field name="estado_id" ref="geo_est_ARA"/>
	</record>

	<record id="geo_mun_ARA_FLA" model="municipio">
		<field name="codigo">FLA</field>
		<field name="municipio">Francisco Linares Alcántara</field>
		<field name="estado_id" ref="geo_est_ARA"/>
	</record>

	<record id="geo_mun_ARA_OCU" model="municipio">
		<field name="codigo">OCU</field>
		<field name="municipio">Ocumare De La Costa De Oro</field>
		<field name="estado_id" ref="geo_est_ARA"/>
	</record>

	<record id="geo_mun_BAR_AAT" model="municipio">
		<field name="codigo">AAT</field>
		<field name="municipio">Alberto Arvelo Torrealba</field>
		<field name="estado_id" ref="geo_est_BAR"/>
	</record>

	<record id="geo_mun_BAR_AJS" model="municipio">
		<field name="codigo">AJS</field>
		<field name="municipio">Antonio José De Sucre</field>
		<field name="estado_id" ref="geo_est_BAR"/>
	</record>

	<record id="geo_mun_BAR_ARI" model="municipio">
		<field name="codigo">ARI</field>
		<field name="municipio">Arismendi</field>
		<field name="estado_id" ref="geo_est_BAR"/>
	</record>

	<record id="geo_mun_BAR_BAR" model="municipio">
		<field name="codigo">BAR</field>
		<field name="municipio">Barinas</field>
		<field name="estado_id" ref="geo_est_BAR"/>
	</record>

	<record id="geo_mun_BAR_BOL" model="municipio">
		<field name="codigo">BOL</field>
		<field name="municipio">Bolívar</field>
		<field name="estado_id" ref="geo_est_BAR"/>
	</record>

	<record id="geo_mun_BAR_CPA" model="municipio">
		<field name="codigo">CPA</field>
		<field name="municipio">Cruz Paredes</field>
		<field name="estado_id" ref="geo_est_BAR"/>
	</record>

	<record id="geo_mun_BAR_EZM" model="municipio">
		<field name="codigo">EZM</field>
		<field name="municipio">Ezequiel Zamora</field>
		<field name="estado_id" ref="geo_est_BAR"/>
	</record>

	<record id="geo_mun_BAR_OBI" model="municipio">
		<field name="codigo">OBI</field>
		<field name="municipio">Obispos</field>
		<field name="estado_id" ref="geo_est_BAR"/>
	</record>

	<record id="geo_mun_BAR_PED" model="municipio">
		<field name="codigo">PED</field>
		<field name="municipio">Pedraza</field>
		<field name="estado_id" ref="geo_est_BAR"/>
	</record>

	<record id="geo_mun_BAR_ROJ" model="municipio">
		<field name="codigo">ROJ</field>
		<field name="municipio">Rojas</field>
		<field name="estado_id" ref="geo_est_BAR"/>
	</record>

	<record id="geo_mun_BAR_SOS" model="municipio">
		<field name="codigo">SOS</field>
		<field name="municipio">Sosa</field>
		<field name="estado_id" ref="geo_est_BAR"/>
	</record>

	<record id="geo_mun_BAR_AEB" model="municipio">
		<field name="codigo">AEB</field>
		<field name="municipio">Andrés Eloy Blanco</field>
		<field name="estado_id" ref="geo_est_BAR"/>
	</record>

	<record id="geo_mun_BOL_CAR" model="municipio">
		<field name="codigo">CAR</field>
		<field name="municipio">Caroní</field>
		<field name="estado_id" ref="geo_est_BOL"/>
	</record>

	<record id="geo_mun_BOL_CED" model="municipio">
		<field name="codigo">CED</field>
		<field name="municipio">Cedeño</field>
		<field name="estado_id" ref="geo_est_BOL"/>
	</record>

	<record id="geo_mun_BOL_ECA" model="municipio">
		<field name="codigo">ECA</field>
		<field name="municipio">El Callao</field>
		<field name="estado_id" ref="geo_est_BOL"/>
	</record>

	<record id="geo_mun_BOL_GSA" model="municipio">
		<field name="codigo">GSA</field>
		<field name="municipio">Gran Sabana</field>
		<field name="estado_id" ref="geo_est_BOL"/>
	</record>

	<record id="geo_mun_BOL_HER" model="municipio">
		<field name="codigo">HER</field>
		<field name="municipio">Heres</field>
		<field name="estado_id" ref="geo_est_BOL"/>
	</record>

	<record id="geo_mun_BOL_PIA" model="municipio">
		<field name="codigo">PIA</field>
		<field name="municipio">Piar</field>
		<field name="estado_id" ref="geo_est_BOL"/>
	</record>

	<record id="geo_mun_BOL_ANG" model="municipio">
		<field name="codigo">ANG</field>
		<field name="municipio">Angostura</field>
		<field name="estado_id" ref="geo_est_BOL"/>
	</record>

	<record id="geo_mun_BOL_ROS" model="municipio">
		<field name="codigo">ROS</field>
		<field name="municipio">Roscio</field>
		<field name="estado_id" ref="geo_est_BOL"/>
	</record>

	<record id="geo_mun_BOL_SIF" model="municipio">
		<field name="codigo">SIF</field>
		<field name="municipio">Sifontes</field>
		<field name="estado_id" ref="geo_est_BOL"/>
	</record>

	<record id="geo_mun_BOL_SUC" model="municipio">
		<field name="codigo">SUC</field>
		<field name="municipio">Sucre</field>
		<field name="estado_id" ref="geo_est_BOL"/>
	</record>

	<record id="geo_mun_BOL_PPC" model="municipio">
		<field name="codigo">PPC</field>
		<field name="municipio">Padre Pedro Chien</field>
		<field name="estado_id" ref="geo_est_BOL"/>
	</record>

	<record id="geo_mun_CAR_BEJ" model="municipio">
		<field name="codigo">BEJ</field>
		<field name="municipio">Bejuma</field>
		<field name="estado_id" ref="geo_est_CAR"/>
	</record>

	<record id="geo_mun_CAR_CAA" model="municipio">
		<field name="codigo">CAA</field>
		<field name="municipio">Carlos Arvelo</field>
		<field name="estado_id" ref="geo_est_CAR"/>
	</record>

	<record id="geo_mun_CAR_DII" model="municipio">
		<field name="codigo">DII</field>
		<field name="municipio">Diego Ibarra</field>
		<field name="estado_id" ref="geo_est_CAR"/>
	</record>

	<record id="geo_mun_CAR_GUA" model="municipio">
		<field name="codigo">GUA</field>
		<field name="municipio">Guacara</field>
		<field name="estado_id" ref="geo_est_CAR"/>
	</record>

	<record id="geo_mun_CAR_JJM" model="municipio">
		<field name="codigo">JJM</field>
		<field name="municipio">Juan José Mora</field>
		<field name="estado_id" ref="geo_est_CAR"/>
	</record>

	<record id="geo_mun_CAR_LIB" model="municipio">
		<field name="codigo">LIB</field>
		<field name="municipio">Libertador</field>
		<field name="estado_id" ref="geo_est_CAR"/>
	</record>

	<record id="geo_mun_CAR_LOG" model="municipio">
		<field name="codigo">LOG</field>
		<field name="municipio">Los Guayos</field>
		<field name="estado_id" ref="geo_est_CAR"/>
	</record>

	<record id="geo_mun_CAR_MIR" model="municipio">
		<field name="codigo">MIR</field>
		<field name="municipio">Miranda</field>
		<field name="estado_id" ref="geo_est_CAR"/>
	</record>

	<record id="geo_mun_CAR_MON" model="municipio">
		<field name="codigo">MON</field>
		<field name="municipio">Montalbán</field>
		<field name="estado_id" ref="geo_est_CAR"/>
	</record>

	<record id="geo_mun_CAR_NAG" model="municipio">
		<field name="codigo">NAG</field>
		<field name="municipio">Naguanagua</field>
		<field name="estado_id" ref="geo_est_CAR"/>
	</record>

	<record id="geo_mun_CAR_PUE" model="municipio">
		<field name="codigo">PUE</field>
		<field name="municipio">Puerto Cabello</field>
		<field name="estado_id" ref="geo_est_CAR"/>
	</record>

	<record id="geo_mun_CAR_SAD" model="municipio">
		<field name="codigo">SAD</field>
		<field name="municipio">San Diego</field>
		<field name="estado_id" ref="geo_est_CAR"/>
	</record>

	<record id="geo_mun_CAR_SAJ" model="municipio">
		<field name="codigo">SAJ</field>
		<field name="municipio">San Joaquín</field>
		<field name="estado_id" ref="geo_est_CAR"/>
	</record>

	<record id="geo_mun_CAR_VAL" model="municipio">
		<field name="codigo">VAL</field>
		<field name="municipio">Valencia</field>
		<field name="estado_id" ref="geo_est_CAR"/>
	</record>

	<record id="geo_mun_COJ_ANZ" model="municipio">
		<field name="codigo">ANZ</field>
		<field name="municipio">Anzoátegui</field>
		<field name="estado_id" ref="geo_est_COJ"/>
	</record>

	<record id="geo_mun_COJ_GIR" model="municipio">
		<field name="codigo">GIR</field>
		<field name="municipio">Girardot</field>
		<field name="estado_id" ref="geo_est_COJ"/>
	</record>

	<record id="geo_mun_COJ_LBL" model="municipio">
		<field name="codigo">LBL</field>
		<field name="municipio">Lima Blanco</field>
		<field name="estado_id" ref="geo_est_COJ"/>
	</record>

	<record id="geo_mun_COJ_PDS" model="municipio">
		<field name="codigo">PDS</field>
		<field name="municipio">Pao De San Juan Bautista</field>
		<field name="estado_id" ref="geo_est_COJ"/>
	</record>

	<record id="geo_mun_COJ_RIC" model="municipio">
		<field name="codigo">RIC</field>
		<field name="municipio">Ricaurte</field>
		<field name="estado_id" ref="geo_est_COJ"/>
	</record>

	<record id="geo_mun_COJ_ROM" model="municipio">
		<field name="codigo">ROM</field>
		<field name="municipio">Rómulo Gallegos</field>
		<field name="estado_id" ref="geo_est_COJ"/>
	</record>

	<record id="geo_mun_COJ_EZZ" model="municipio">
		<field name="codigo">EZZ</field>
		<field name="municipio">Ezequiel Zamora</field>
		<field name="estado_id" ref="geo_est_COJ"/>
	</record>

	<record id="geo_mun_COJ_TIN" model="municipio">
		<field name="codigo">TIN</field>
		<field name="municipio">Tinaco</field>
		<field name="estado_id" ref="geo_est_COJ"/>
	</record>

	<record id="geo_mun_COJ_TIQ" model="municipio">
		<field name="codigo">TIQ</field>
		<field name="municipio">Tinaquillo</field>
		<field name="estado_id" ref="geo_est_COJ"/>
	</record>

	<record id="geo_mun_DEA_AND" model="municipio">
		<field name="codigo">AND</field>
		<field name="municipio">Antonio Díaz</field>
		<field name="estado_id" ref="geo_est_DEA"/>
	</record>

	<record id="geo_mun_DEA_CAS" model="municipio">
		<field name="codigo">CAS</field>
		<field name="municipio">Casacoima</field>
		<field name="estado_id" ref="geo_est_DEA"/>
	</record>

	<record id="geo_mun_DEA_PED" model="municipio">
		<field name="codigo">PED</field>
		<field name="municipio">Pedernales</field>
		<field name="estado_id" ref="geo_est_DEA"/>
	</record>

	<record id="geo_mun_DEA_TUC" model="municipio">
		<field name="codigo">TUC</field>
		<field name="municipio">Tucupita</field>
		<field name="estado_id" ref="geo_est_DEA"/>
	</record>

	<record id="geo_mun_DTO_LIB" model="municipio">
		<field name="codigo">LIB</field>
		<field name="municipio">Libertador</field>
		<field name="estado_id" ref="geo_est_DTO"/>
	</record>

	<record id="geo_mun_FAL_ACO" model="municipio">
		<field name="codigo">ACO</field>
		<field name="municipio">Acosta</field>
		<field name="estado_id" ref="geo_est_FAL"/>
	</record>

	<record id="geo_mun_FAL_BOL" model="municipio">
		<field name="codigo">BOL</field>
		<field name="municipio">Bolívar</field>
		<field name="estado_id" ref="geo_est_FAL"/>
	</record>

	<record id="geo_mun_FAL_BUC" model="municipio">
		<field name="codigo">BUC</field>
		<field name="municipio">Buchivacoa</field>
		<field name="estado_id" ref="geo_est_FAL"/>
	</record>

	<record id="geo_mun_FAL_CAC" model="municipio">
		<field name="codigo">CAC</field>
		<field name="municipio">Cacique Manaure</field>
		<field name="estado_id" ref="geo_est_FAL"/>
	</record>

	<record id="geo_mun_FAL_CAR" model="municipio">
		<field name="codigo">CAR</field>
		<field name="municipio">Carirubana</field>
		<field name="estado_id" ref="geo_est_FAL"/>
	</record>

	<record id="geo_mun_FAL_COL" model="municipio">
		<field name="codigo">COL</field>
		<field name="municipio">Colina</field>
		<field name="estado_id" ref="geo_est_FAL"/>
	</record>

	<record id="geo_mun_FAL_DAB" model="municipio">
		<field name="codigo">DAB</field>
		<field name="municipio">Dabajuro</field>
		<field name="estado_id" ref="geo_est_FAL"/>
	</record>

	<record id="geo_mun_FAL_DEM" model="municipio">
		<field name="codigo">DEM</field>
		<field name="municipio">Democracia</field>
		<field name="estado_id" ref="geo_est_FAL"/>
	</record>

	<record id="geo_mun_FAL_FAL" model="municipio">
		<field name="codigo">FAL</field>
		<field name="municipio">Falcón</field>
		<field name="estado_id" ref="geo_est_FAL"/>
	</record>

	<record id="geo_mun_FAL_FED" model="municipio">
		<field name="codigo">FED</field>
		<field name="municipio">Federación</field>
		<field name="estado_id" ref="geo_est_FAL"/>
	</record>

	<record id="geo_mun_FAL_JAC" model="municipio">
		<field name="codigo">JAC</field>
		<field name="municipio">Jacura</field>
		<field name="estado_id" ref="geo_est_FAL"/>
	</record>

	<record id="geo_mun_FAL_LTA" model="municipio">
		<field name="codigo">LTA</field>
		<field name="municipio">Los Taques</field>
		<field name="estado_id" ref="geo_est_FAL"/>
	</record>

	<record id="geo_mun_FAL_MAU" model="municipio">
		<field name="codigo">MAU</field>
		<field name="municipio">Mauroa</field>
		<field name="estado_id" ref="geo_est_FAL"/>
	</record>

	<record id="geo_mun_FAL_MIR" model="municipio">
		<field name="codigo">MIR</field>
		<field name="municipio">Miranda</field>
		<field name="estado_id" ref="geo_est_FAL"/>
	</record>

	<record id="geo_mun_FAL_MIT" model="municipio">
		<field name="codigo">MIT</field>
		<field name="municipio">Monseñor Iturriza</field>
		<field name="estado_id" ref="geo_est_FAL"/>
	</record>

	<record id="geo_mun_FAL_PAL" model="municipio">
		<field name="codigo">PAL</field>
		<field name="municipio">Palmasola</field>
		<field name="estado_id" ref="geo_est_FAL"/>
	</record>

	<record id="geo_mun_FAL_PET" model="municipio">
		<field name="codigo">PET</field>
		<field name="municipio">Petit</field>
		<field name="estado_id" ref="geo_est_FAL"/>
	</record>

	<record id="geo_mun_FAL_PIR" model="municipio">
		<field name="codigo">PIR</field>
		<field name="municipio">Píritu</field>
		<field name="estado_id" ref="geo_est_FAL"/>
	</record>

	<record id="geo_mun_FAL_JLS" model="municipio">
		<field name="codigo">JLS</field>
		<field name="municipio">José Laurencio Silva</field>
		<field name="estado_id" ref="geo_est_FAL"/>
	</record>

	<record id="geo_mun_FAL_SFR" model="municipio">
		<field name="codigo">SFR</field>
		<field name="municipio">San Francisco</field>
		<field name="estado_id" ref="geo_est_FAL"/>
	</record>

	<record id="geo_mun_FAL_SUC" model="municipio">
		<field name="codigo">SUC</field>
		<field name="municipio">Sucre</field>
		<field name="estado_id" ref="geo_est_FAL"/>
	</record>

	<record id="geo_mun_FAL_TOC" model="municipio">
		<field name="codigo">TOC</field>
		<field name="municipio">Tocópero</field>
		<field name="estado_id" ref="geo_est_FAL"/>
	</record>

	<record id="geo_mun_FAL_UNI" model="municipio">
		<field name="codigo">UNI</field>
		<field name="municipio">Unión</field>
		<field name="estado_id" ref="geo_est_FAL"/>
	</record>

	<record id="geo_mun_FAL_URU" model="municipio">
		<field name="codigo">URU</field>
		<field name="municipio">Urumaco</field>
		<field name="estado_id" ref="geo_est_FAL"/>
	</record>

	<record id="geo_mun_FAL_ZAM" model="municipio">
		<field name="codigo">ZAM</field>
		<field name="municipio">Zamora</field>
		<field name="estado_id" ref="geo_est_FAL"/>
	</record>

	<record id="geo_mun_GUA_CAM" model="municipio">
		<field name="codigo">CAM</field>
		<field name="municipio">Camaguán</field>
		<field name="estado_id" ref="geo_est_GUA"/>
	</record>

	<record id="geo_mun_GUA_CHA" model="municipio">
		<field name="codigo">CHA</field>
		<field name="municipio">Chaguaramas</field>
		<field name="estado_id" ref="geo_est_GUA"/>
	</record>

	<record id="geo_mun_GUA_ESO" model="municipio">
		<field name="codigo">ESO</field>
		<field name="municipio">El Socorro</field>
		<field name="estado_id" ref="geo_est_GUA"/>
	</record>

	<record id="geo_mun_GUA_SGG" model="municipio">
		<field name="codigo">SGG</field>
		<field name="municipio">San Gerónimo De Guayabal</field>
		<field name="estado_id" ref="geo_est_GUA"/>
	</record>

	<record id="geo_mun_GUA_LIN" model="municipio">
		<field name="codigo">LIN</field>
		<field name="municipio">Leonardo Infante</field>
		<field name="estado_id" ref="geo_est_GUA"/>
	</record>

	<record id="geo_mun_GUA_LME" model="municipio">
		<field name="codigo">LME</field>
		<field name="municipio">Las Mercedes</field>
		<field name="estado_id" ref="geo_est_GUA"/>
	</record>

	<record id="geo_mun_GUA_JML" model="municipio">
		<field name="codigo">JML</field>
		<field name="municipio">Julián Mellado</field>
		<field name="estado_id" ref="geo_est_GUA"/>
	</record>

	<record id="geo_mun_GUA_FMI" model="municipio">
		<field name="codigo">FMI</field>
		<field name="municipio">Francisco De Miranda</field>
		<field name="estado_id" ref="geo_est_GUA"/>
	</record>

	<record id="geo_mun_GUA_JTM" model="municipio">
		<field name="codigo">JTM</field>
		<field name="municipio">José Tadeo Monagas</field>
		<field name="estado_id" ref="geo_est_GUA"/>
	</record>

	<record id="geo_mun_GUA_ORT" model="municipio">
		<field name="codigo">ORT</field>
		<field name="municipio">Ortiz</field>
		<field name="estado_id" ref="geo_est_GUA"/>
	</record>

	<record id="geo_mun_GUA_JFR" model="municipio">
		<field name="codigo">JFR</field>
		<field name="municipio">José Félix Ribas</field>
		<field name="estado_id" ref="geo_est_GUA"/>
	</record>

	<record id="geo_mun_GUA_JGR" model="municipio">
		<field name="codigo">JGR</field>
		<field name="municipio">Juan Germán Roscio</field>
		<field name="estado_id" ref="geo_est_GUA"/>
	</record>

	<record id="geo_mun_GUA_SJG" model="municipio">
		<field name="codigo">SJG</field>
		<field name="municipio">San José De Guaribe</field>
		<field name="estado_id" ref="geo_est_GUA"/>
	</record>

	<record id="geo_mun_GUA_SMI" model="municipio">
		<field name="codigo">SMI</field>
		<field name="municipio">Santa María De Ipire</field>
		<field name="estado_id" ref="geo_est_GUA"/>
	</record>

	<record id="geo_mun_GUA_PZA" model="municipio">
		<field name="codigo">PZA</field>
		<field name="municipio">Pedro Zaraza</field>
		<field name="estado_id" ref="geo_est_GUA"/>
	</record>

	<record id="geo_mun_LAR_AEB" model="municipio">
		<field name="codigo">AEB</field>
		<field name="municipio">Andrés Eloy Blanco</field>
		<field name="estado_id" ref="geo_est_LAR"/>
	</record>

	<record id="geo_mun_LAR_CRE" model="municipio">
		<field name="codigo">CRE</field>
		<field name="municipio">Crespo</field>
		<field name="estado_id" ref="geo_est_LAR"/>
	</record>

	<record id="geo_mun_LAR_IRI" model="municipio">
		<field name="codigo">IRI</field>
		<field name="municipio">Iribarren</field>
		<field name="estado_id" ref="geo_est_LAR"/>
	</record>

	<record id="geo_mun_LAR_JIM" model="municipio">
		<field name="codigo">JIM</field>
		<field name="municipio">Jiménez</field>
		<field name="estado_id" ref="geo_est_LAR"/>
	</record>

	<record id="geo_mun_LAR_MOR" model="municipio">
		<field name="codigo">MOR</field>
		<field name="municipio">Morán</field>
		<field name="estado_id" ref="geo_est_LAR"/>
	</record>

	<record id="geo_mun_LAR_PAL" model="municipio">
		<field name="codigo">PAL</field>
		<field name="municipio">Palavecino</field>
		<field name="estado_id" ref="geo_est_LAR"/>
	</record>

	<record id="geo_mun_LAR_SPL" model="municipio">
		<field name="codigo">SPL</field>
		<field name="municipio">Simón Planas</field>
		<field name="estado_id" ref="geo_est_LAR"/>
	</record>

	<record id="geo_mun_LAR_TOR" model="municipio">
		<field name="codigo">TOR</field>
		<field name="municipio">Torres</field>
		<field name="estado_id" ref="geo_est_LAR"/>
	</record>

	<record id="geo_mun_LAR_URD" model="municipio">
		<field name="codigo">URD</field>
		<field name="municipio">Urdaneta</field>
		<field name="estado_id" ref="geo_est_LAR"/>
	</record>

	<record id="geo_mun_MER_AAD" model="municipio">
		<field name="codigo">AAD</field>
		<field name="municipio">Alberto Adriani</field>
		<field name="estado_id" ref="geo_est_MER"/>
	</record>

	<record id="geo_mun_MER_ABE" model="municipio">
		<field name="codigo">ABE</field>
		<field name="municipio">Andrés Bello</field>
		<field name="estado_id" ref="geo_est_MER"/>
	</record>

	<record id="geo_mun_MER_APS" model="municipio">
		<field name="codigo">APS</field>
		<field name="municipio">Antonio Pinto Salinas</field>
		<field name="estado_id" ref="geo_est_MER"/>
	</record>

	<record id="geo_mun_MER_ARI" model="municipio">
		<field name="codigo">ARI</field>
		<field name="municipio">Aricagua</field>
		<field name="estado_id" ref="geo_est_MER"/>
	</record>

	<record id="geo_mun_MER_ACH" model="municipio">
		<field name="codigo">ACH</field>
		<field name="municipio">Arzobispo Chacón</field>
		<field name="estado_id" ref="geo_est_MER"/>
	</record>

	<record id="geo_mun_MER_CEL" model="municipio">
		<field name="codigo">CEL</field>
		<field name="municipio">Campo Elías</field>
		<field name="estado_id" ref="geo_est_MER"/>
	</record>

	<record id="geo_mun_MER_CPO" model="municipio">
		<field name="codigo">CPO</field>
		<field name="municipio">Caracciolo Parra Olmedo</field>
		<field name="estado_id" ref="geo_est_MER"/>
	</record>

	<record id="geo_mun_MER_CQU" model="municipio">
		<field name="codigo">CQU</field>
		<field name="municipio">Cardenal Quintero</field>
		<field name="estado_id" ref="geo_est_MER"/>
	</record>

	<record id="geo_mun_MER_GUA" model="municipio">
		<field name="codigo">GUA</field>
		<field name="municipio">Guaraque</field>
		<field name="estado_id" ref="geo_est_MER"/>
	</record>

	<record id="geo_mun_MER_JCS" model="municipio">
		<field name="codigo">JCS</field>
		<field name="municipio">Julio César Salas</field>
		<field name="estado_id" ref="geo_est_MER"/>
	</record>

	<record id="geo_mun_MER_JBR" model="municipio">
		<field name="codigo">JBR</field>
		<field name="municipio">Justo Briceño</field>
		<field name="estado_id" ref="geo_est_MER"/>
	</record>

	<record id="geo_mun_MER_LIB" model="municipio">
		<field name="codigo">LIB</field>
		<field name="municipio">Libertador</field>
		<field name="estado_id" ref="geo_est_MER"/>
	</record>

	<record id="geo_mun_MER_MIR" model="municipio">
		<field name="codigo">MIR</field>
		<field name="municipio">Miranda</field>
		<field name="estado_id" ref="geo_est_MER"/>
	</record>

	<record id="geo_mun_MER_ORL" model="municipio">
		<field name="codigo">ORL</field>
		<field name="municipio">Obispo Ramos De Lora</field>
		<field name="estado_id" ref="geo_est_MER"/>
	</record>

	<record id="geo_mun_MER_PNO" model="municipio">
		<field name="codigo">PNO</field>
		<field name="municipio">Padre Noguera</field>
		<field name="estado_id" ref="geo_est_MER"/>
	</record>

	<record id="geo_mun_MER_PLL" model="municipio">
		<field name="codigo">PLL</field>
		<field name="municipio">Pueblo Llano</field>
		<field name="estado_id" ref="geo_est_MER"/>
	</record>

	<record id="geo_mun_MER_RAN" model="municipio">
		<field name="codigo">RAN</field>
		<field name="municipio">Rangel</field>
		<field name="estado_id" ref="geo_est_MER"/>
	</record>

	<record id="geo_mun_MER_RDA" model="municipio">
		<field name="codigo">RDA</field>
		<field name="municipio">Rivas Dávila</field>
		<field name="estado_id" ref="geo_est_MER"/>
	</record>

	<record id="geo_mun_MER_SMA" model="municipio">
		<field name="codigo">SMA</field>
		<field name="municipio">Santos Marquina</field>
		<field name="estado_id" ref="geo_est_MER"/>
	</record>

	<record id="geo_mun_MER_SUC" model="municipio">
		<field name="codigo">SUC</field>
		<field name="municipio">Sucre</field>
		<field name="estado_id" ref="geo_est_MER"/>
	</record>

	<record id="geo_mun_MER_TOV" model="municipio">
		<field name="codigo">TOV</field>
		<field name="municipio">Tovar</field>
		<field name="estado_id" ref="geo_est_MER"/>
	</record>

	<record id="geo_mun_MER_TFC" model="municipio">
		<field name="codigo">TFC</field>
		<field name="municipio">Tulio Febres Cordero</field>
		<field name="estado_id" ref="geo_est_MER"/>
	</record>

	<record id="geo_mun_MER_ZEA" model="municipio">
		<field name="codigo">ZEA</field>
		<field name="municipio">Zea</field>
		<field name="estado_id" ref="geo_est_MER"/>
	</record>

	<record id="geo_mun_MIR_ACE" model="municipio">
		<field name="codigo">ACE</field>
		<field name="municipio">Acevedo</field>
		<field name="estado_id" ref="geo_est_MIR"/>
	</record>

	<record id="geo_mun_MIR_ABE" model="municipio">
		<field name="codigo">ABE</field>
		<field name="municipio">Andrés Bello</field>
		<field name="estado_id" ref="geo_est_MIR"/>
	</record>

	<record id="geo_mun_MIR_BAR" model="municipio">
		<field name="codigo">BAR</field>
		<field name="municipio">Baruta</field>
		<field name="estado_id" ref="geo_est_MIR"/>
	</record>

	<record id="geo_mun_MIR_BRI" model="municipio">
		<field name="codigo">BRI</field>
		<field name="municipio">Brión</field>
		<field name="estado_id" ref="geo_est_MIR"/>
	</record>

	<record id="geo_mun_MIR_BUR" model="municipio">
		<field name="codigo">BUR</field>
		<field name="municipio">Buroz</field>
		<field name="estado_id" ref="geo_est_MIR"/>
	</record>

	<record id="geo_mun_MIR_CAR" model="municipio">
		<field name="codigo">CAR</field>
		<field name="municipio">Carrizal</field>
		<field name="estado_id" ref="geo_est_MIR"/>
	</record>

	<record id="geo_mun_MIR_CHA" model="municipio">
		<field name="codigo">CHA</field>
		<field name="municipio">Chacao</field>
		<field name="estado_id" ref="geo_est_MIR"/>
	</record>

	<record id="geo_mun_MIR_CRO" model="municipio">
		<field name="codigo">CRO</field>
		<field name="municipio">Cristóbal Rojas</field>
		<field name="estado_id" ref="geo_est_MIR"/>
	</record>

	<record id="geo_mun_MIR_EHA" model="municipio">
		<field name="codigo">EHA</field>
		<field name="municipio">El Hatillo</field>
		<field name="estado_id" ref="geo_est_MIR"/>
	</record>

	<record id="geo_mun_MIR_GUA" model="municipio">
		<field name="codigo">GUA</field>
		<field name="municipio">Guaicaipuro</field>
		<field name="estado_id" ref="geo_est_MIR"/>
	</record>

	<record id="geo_mun_MIR_IND" model="municipio">
		<field name="codigo">IND</field>
		<field name="municipio">Independencia</field>
		<field name="estado_id" ref="geo_est_MIR"/>
	</record>

	<record id="geo_mun_MIR_TLA" model="municipio">
		<field name="codigo">TLA</field>
		<field name="municipio">Tomas Lander</field>
		<field name="estado_id" ref="geo_est_MIR"/>
	</record>

	<record id="geo_mun_MIR_LSA" model="municipio">
		<field name="codigo">LSA</field>
		<field name="municipio">Los Salias</field>
		<field name="estado_id" ref="geo_est_MIR"/>
	</record>

	<record id="geo_mun_MIR_PAE" model="municipio">
		<field name="codigo">PAE</field>
		<field name="municipio">Páez</field>
		<field name="estado_id" ref="geo_est_MIR"/>
	</record>

	<record id="geo_mun_MIR_PCA" model="municipio">
		<field name="codigo">PCA</field>
		<field name="municipio">Paz Castillo</field>
		<field name="estado_id" ref="geo_est_MIR"/>
	</record>

	<record id="geo_mun_MIR_PGU" model="municipio">
		<field name="codigo">PGU</field>
		<field name="municipio">Pedro Gual</field>
		<field name="estado_id" ref="geo_est_MIR"/>
	</record>

	<record id="geo_mun_MIR_PLA" model="municipio">
		<field name="codigo">PLA</field>
		<field name="municipio">Plaza</field>
		<field name="estado_id" ref="geo_est_MIR"/>
	</record>

	<record id="geo_mun_MIR_SBO" model="municipio">
		<field name="codigo">SBO</field>
		<field name="municipio">Simón Bolívar</field>
		<field name="estado_id" ref="geo_est_MIR"/>
	</record>

	<record id="geo_mun_MIR_SUC" model="municipio">
		<field name="codigo">SUC</field>
		<field name="municipio">Sucre</field>
		<field name="estado_id" ref="geo_est_MIR"/>
	</record>

	<record id="geo_mun_MIR_URD" model="municipio">
		<field name="codigo">URD</field>
		<field name="municipio">Urdaneta</field>
		<field name="estado_id" ref="geo_est_MIR"/>
	</record>

	<record id="geo_mun_MIR_ZAM" model="municipio">
		<field name="codigo">ZAM</field>
		<field name="municipio">Zamora</field>
		<field name="estado_id" ref="geo_est_MIR"/>
	</record>

	<record id="geo_mun_MON_ACO" model="municipio">
		<field name="codigo">ACO</field>
		<field name="municipio">Acosta</field>
		<field name="estado_id" ref="geo_est_MON"/>
	</record>

	<record id="geo_mun_MON_AGU" model="municipio">
		<field name="codigo">AGU</field>
		<field name="municipio">Aguasay</field>
		<field name="estado_id" ref="geo_est_MON"/>
	</record>

	<record id="geo_mun_MON_BOL" model="municipio">
		<field name="codigo">BOL</field>
		<field name="municipio">Bolívar</field>
		<field name="estado_id" ref="geo_est_MON"/>
	</record>

	<record id="geo_mun_MON_CAR" model="municipio">
		<field name="codigo">CAR</field>
		<field name="municipio">Caripe</field>
		<field name="estado_id" ref="geo_est_MON"/>
	</record>

	<record id="geo_mun_MON_CED" model="municipio">
		<field name="codigo">CED</field>
		<field name="municipio">Cedeño</field>
		<field name="estado_id" ref="geo_est_MON"/>
	</record>

	<record id="geo_mun_MON_EZA" model="municipio">
		<field name="codigo">EZA</field>
		<field name="municipio">Ezequiel Zamora</field>
		<field name="estado_id" ref="geo_est_MON"/>
	</record>

	<record id="geo_mun_MON_LIB" model="municipio">
		<field name="codigo">LIB</field>
		<field name="municipio">Libertador</field>
		<field name="estado_id" ref="geo_est_MON"/>
	</record>

	<record id="geo_mun_MON_MAT" model="municipio">
		<field name="codigo">MAT</field>
		<field name="municipio">Maturín</field>
		<field name="estado_id" ref="geo_est_MON"/>
	</record>

	<record id="geo_mun_MON_PIA" model="municipio">
		<field name="codigo">PIA</field>
		<field name="municipio">Piar</field>
		<field name="estado_id" ref="geo_est_MON"/>
	</record>

	<record id="geo_mun_MON_PUN" model="municipio">
		<field name="codigo">PUN</field>
		<field name="municipio">Punceres</field>
		<field name="estado_id" ref="geo_est_MON"/>
	</record>

	<record id="geo_mun_MON_SBA" model="municipio">
		<field name="codigo">SBA</field>
		<field name="municipio">Santa Bárbara</field>
		<field name="estado_id" ref="geo_est_MON"/>
	</record>

	<record id="geo_mun_MON_SOT" model="municipio">
		<field name="codigo">SOT</field>
		<field name="municipio">Sotillo</field>
		<field name="estado_id" ref="geo_est_MON"/>
	</record>

	<record id="geo_mun_MON_URA" model="municipio">
		<field name="codigo">URA</field>
		<field name="municipio">Uracoa</field>
		<field name="estado_id" ref="geo_est_MON"/>
	</record>

	<record id="geo_mun_NVA_ADC" model="municipio">
		<field name="codigo">ADC</field>
		<field name="municipio">Antolín Del Campo</field>
		<field name="estado_id" ref="geo_est_NVA"/>
	</record>

	<record id="geo_mun_NVA_ARI" model="municipio">
		<field name="codigo">ARI</field>
		<field name="municipio">Arismendi</field>
		<field name="estado_id" ref="geo_est_NVA"/>
	</record>

	<record id="geo_mun_NVA_DIA" model="municipio">
		<field name="codigo">DIA</field>
		<field name="municipio">Díaz</field>
		<field name="estado_id" ref="geo_est_NVA"/>
	</record>

	<record id="geo_mun_NVA_GAR" model="municipio">
		<field name="codigo">GAR</field>
		<field name="municipio">García</field>
		<field name="estado_id" ref="geo_est_NVA"/>
	</record>

	<record id="geo_mun_NVA_GOM" model="municipio">
		<field name="codigo">GOM</field>
		<field name="municipio">Gómez</field>
		<field name="estado_id" ref="geo_est_NVA"/>
	</record>

	<record id="geo_mun_NVA_MAN" model="municipio">
		<field name="codigo">MAN</field>
		<field name="municipio">Maneiro</field>
		<field name="estado_id" ref="geo_est_NVA"/>
	</record>

	<record id="geo_mun_NVA_MAR" model="municipio">
		<field name="codigo">MAR</field>
		<field name="municipio">Marcano</field>
		<field name="estado_id" ref="geo_est_NVA"/>
	</record>

	<record id="geo_mun_NVA_SMA" model="municipio">
		<field name="codigo">SMA</field>
		<field name="municipio">Santiago Mariño</field>
		<field name="estado_id" ref="geo_est_NVA"/>
	</record>

	<record id="geo_mun_NVA_PDM" model="municipio">
		<field name="codigo">PDM</field>
		<field name="municipio">Península De Macanao</field>
		<field name="estado_id" ref="geo_est_NVA"/>
	</record>

	<record id="geo_mun_NVA_TUB" model="municipio">
		<field name="codigo">TUB</field>
		<field name="municipio">Tubores</field>
		<field name="estado_id" ref="geo_est_NVA"/>
	</record>

	<record id="geo_mun_NVA_VIL" model="municipio">
		<field name="codigo">VIL</field>
		<field name="municipio">Villalba</field>
		<field name="estado_id" ref="geo_est_NVA"/>
	</record>

	<record id="geo_mun_POR_ABL" model="municipio">
		<field name="codigo">ABL</field>
		<field name="municipio">Agua Blanca</field>
		<field name="estado_id" ref="geo_est_POR"/>
	</record>

	<record id="geo_mun_POR_ARA" model="municipio">
		<field name="codigo">ARA</field>
		<field name="municipio">Araure</field>
		<field name="estado_id" ref="geo_est_POR"/>
	</record>

	<record id="geo_mun_POR_EST" model="municipio">
		<field name="codigo">EST</field>
		<field name="municipio">Esteller</field>
		<field name="estado_id" ref="geo_est_POR"/>
	</record>

	<record id="geo_mun_POR_GUA" model="municipio">
		<field name="codigo">GUA</field>
		<field name="municipio">Guanare</field>
		<field name="estado_id" ref="geo_est_POR"/>
	</record>

	<record id="geo_mun_POR_GTO" model="municipio">
		<field name="codigo">GTO</field>
		<field name="municipio">Guanarito</field>
		<field name="estado_id" ref="geo_est_POR"/>
	</record>

	<record id="geo_mun_POR_MJV" model="municipio">
		<field name="codigo">MJV</field>
		<field name="municipio">Monseñor José Vicente De Unda</field>
		<field name="estado_id" ref="geo_est_POR"/>
	</record>

	<record id="geo_mun_POR_OSP" model="municipio">
		<field name="codigo">OSP</field>
		<field name="municipio">Ospino</field>
		<field name="estado_id" ref="geo_est_POR"/>
	</record>

	<record id="geo_mun_POR_PAE" model="municipio">
		<field name="codigo">PAE</field>
		<field name="municipio">Páez</field>
		<field name="estado_id" ref="geo_est_POR"/>
	</record>

	<record id="geo_mun_POR_PAP" model="municipio">
		<field name="codigo">PAP</field>
		<field name="municipio">Papelón</field>
		<field name="estado_id" ref="geo_est_POR"/>
	</record>

	<record id="geo_mun_POR_SGB" model="municipio">
		<field name="codigo">SGB</field>
		<field name="municipio">San Genaro De Boconoito</field>
		<field name="estado_id" ref="geo_est_POR"/>
	</record>

	<record id="geo_mun_POR_SRO" model="municipio">
		<field name="codigo">SRO</field>
		<field name="municipio">San Rafael De Onoto</field>
		<field name="estado_id" ref="geo_est_POR"/>
	</record>

	<record id="geo_mun_POR_SRO" model="municipio">
		<field name="codigo">SRO</field>
		<field name="municipio">Santa Rosalía</field>
		<field name="estado_id" ref="geo_est_POR"/>
	</record>

	<record id="geo_mun_POR_SUC" model="municipio">
		<field name="codigo">SUC</field>
		<field name="municipio">Sucre</field>
		<field name="estado_id" ref="geo_est_POR"/>
	</record>

	<record id="geo_mun_POR_TUR" model="municipio">
		<field name="codigo">TUR</field>
		<field name="municipio">Turín</field>
		<field name="estado_id" ref="geo_est_POR"/>
	</record>

	<record id="geo_mun_SUC_AEB" model="municipio">
		<field name="codigo">AEB</field>
		<field name="municipio">Andrés Eloy Blanco</field>
		<field name="estado_id" ref="geo_est_SUC"/>
	</record>

	<record id="geo_mun_SUC_AMA" model="municipio">
		<field name="codigo">AMA</field>
		<field name="municipio">Andrés Mata</field>
		<field name="estado_id" ref="geo_est_SUC"/>
	</record>

	<record id="geo_mun_SUC_ARI" model="municipio">
		<field name="codigo">ARI</field>
		<field name="municipio">Arismendi</field>
		<field name="estado_id" ref="geo_est_SUC"/>
	</record>

	<record id="geo_mun_SUC_BEN" model="municipio">
		<field name="codigo">BEN</field>
		<field name="municipio">Benítez</field>
		<field name="estado_id" ref="geo_est_SUC"/>
	</record>

	<record id="geo_mun_SUC_BER" model="municipio">
		<field name="codigo">BER</field>
		<field name="municipio">Bermúdez</field>
		<field name="estado_id" ref="geo_est_SUC"/>
	</record>

	<record id="geo_mun_SUC_BOL" model="municipio">
		<field name="codigo">BOL</field>
		<field name="municipio">Bolívar</field>
		<field name="estado_id" ref="geo_est_SUC"/>
	</record>

	<record id="geo_mun_SUC_CAJ" model="municipio">
		<field name="codigo">CAJ</field>
		<field name="municipio">Cajigal</field>
		<field name="estado_id" ref="geo_est_SUC"/>
	</record>

	<record id="geo_mun_SUC_CSA" model="municipio">
		<field name="codigo">CSA</field>
		<field name="municipio">Cruz Salmerón Acosta</field>
		<field name="estado_id" ref="geo_est_SUC"/>
	</record>

	<record id="geo_mun_SUC_LIB" model="municipio">
		<field name="codigo">LIB</field>
		<field name="municipio">Libertador</field>
		<field name="estado_id" ref="geo_est_SUC"/>
	</record>

	<record id="geo_mun_SUC_MAR" model="municipio">
		<field name="codigo">MAR</field>
		<field name="municipio">Mariño</field>
		<field name="estado_id" ref="geo_est_SUC"/>
	</record>

	<record id="geo_mun_SUC_MEJ" model="municipio">
		<field name="codigo">MEJ</field>
		<field name="municipio">Mejía</field>
		<field name="estado_id" ref="geo_est_SUC"/>
	</record>

	<record id="geo_mun_SUC_MON" model="municipio">
		<field name="codigo">MON</field>
		<field name="municipio">Montes</field>
		<field name="estado_id" ref="geo_est_SUC"/>
	</record>

	<record id="geo_mun_SUC_RIB" model="municipio">
		<field name="codigo">RIB</field>
		<field name="municipio">Ribero</field>
		<field name="estado_id" ref="geo_est_SUC"/>
	</record>

	<record id="geo_mun_SUC_SUC" model="municipio">
		<field name="codigo">SUC</field>
		<field name="municipio">Sucre</field>
		<field name="estado_id" ref="geo_est_SUC"/>
	</record>

	<record id="geo_mun_SUC_VAL" model="municipio">
		<field name="codigo">VAL</field>
		<field name="municipio">Valdez</field>
		<field name="estado_id" ref="geo_est_SUC"/>
	</record>

	<record id="geo_mun_TAC_ABE" model="municipio">
		<field name="codigo">ABE</field>
		<field name="municipio">Andrés Bello</field>
		<field name="estado_id" ref="geo_est_TAC"/>
	</record>

	<record id="geo_mun_TAC_ARC" model="municipio">
		<field name="codigo">ARC</field>
		<field name="municipio">Antonio Rómulo Costa</field>
		<field name="estado_id" ref="geo_est_TAC"/>
	</record>

	<record id="geo_mun_TAC_AYA" model="municipio">
		<field name="codigo">AYA</field>
		<field name="municipio">Ayacucho</field>
		<field name="estado_id" ref="geo_est_TAC"/>
	</record>

	<record id="geo_mun_TAC_BOL" model="municipio">
		<field name="codigo">BOL</field>
		<field name="municipio">Bolívar</field>
		<field name="estado_id" ref="geo_est_TAC"/>
	</record>

	<record id="geo_mun_TAC_CAR" model="municipio">
		<field name="codigo">CAR</field>
		<field name="municipio">Cárdenas</field>
		<field name="estado_id" ref="geo_est_TAC"/>
	</record>

	<record id="geo_mun_TAC_COR" model="municipio">
		<field name="codigo">COR</field>
		<field name="municipio">Córdoba</field>
		<field name="estado_id" ref="geo_est_TAC"/>
	</record>

	<record id="geo_mun_TAC_FFE" model="municipio">
		<field name="codigo">FFE</field>
		<field name="municipio">Fernández Feo</field>
		<field name="estado_id" ref="geo_est_TAC"/>
	</record>

	<record id="geo_mun_TAC_FDM" model="municipio">
		<field name="codigo">FDM</field>
		<field name="municipio">Francisco De Miranda</field>
		<field name="estado_id" ref="geo_est_TAC"/>
	</record>

	<record id="geo_mun_TAC_GDH" model="municipio">
		<field name="codigo">GDH</field>
		<field name="municipio">García De Hevia</field>
		<field name="estado_id" ref="geo_est_TAC"/>
	</record>

	<record id="geo_mun_TAC_GUA" model="municipio">
		<field name="codigo">GUA</field>
		<field name="municipio">Guásimos</field>
		<field name="estado_id" ref="geo_est_TAC"/>
	</record>

	<record id="geo_mun_TAC_IND" model="municipio">
		<field name="codigo">IND</field>
		<field name="municipio">Independencia</field>
		<field name="estado_id" ref="geo_est_TAC"/>
	</record>

	<record id="geo_mun_TAC_JAU" model="municipio">
		<field name="codigo">JAU</field>
		<field name="municipio">Jáuregui</field>
		<field name="estado_id" ref="geo_est_TAC"/>
	</record>

	<record id="geo_mun_TAC_JMV" model="municipio">
		<field name="codigo">JMV</field>
		<field name="municipio">José María Vargas</field>
		<field name="estado_id" ref="geo_est_TAC"/>
	</record>

	<record id="geo_mun_TAC_JUN" model="municipio">
		<field name="codigo">JUN</field>
		<field name="municipio">Junín</field>
		<field name="estado_id" ref="geo_est_TAC"/>
	</record>

	<record id="geo_mun_TAC_LIB" model="municipio">
		<field name="codigo">LIB</field>
		<field name="municipio">Libertad</field>
		<field name="estado_id" ref="geo_est_TAC"/>
	</record>

	<record id="geo_mun_TAC_LBD" model="municipio">
		<field name="codigo">LBD</field>
		<field name="municipio">Libertador</field>
		<field name="estado_id" ref="geo_est_TAC"/>
	</record>

	<record id="geo_mun_TAC_LOB" model="municipio">
		<field name="codigo">LOB</field>
		<field name="municipio">Lobatera</field>
		<field name="estado_id" ref="geo_est_TAC"/>
	</record>

	<record id="geo_mun_TAC_MIC" model="municipio">
		<field name="codigo">MIC</field>
		<field name="municipio">Michelena</field>
		<field name="estado_id" ref="geo_est_TAC"/>
	</record>

	<record id="geo_mun_TAC_PAN" model="municipio">
		<field name="codigo">PAN</field>
		<field name="municipio">Panamericano</field>
		<field name="estado_id" ref="geo_est_TAC"/>
	</record>

	<record id="geo_mun_TAC_PMU" model="municipio">
		<field name="codigo">PMU</field>
		<field name="municipio">Pedro María Ureña</field>
		<field name="estado_id" ref="geo_est_TAC"/>
	</record>

	<record id="geo_mun_TAC_RUR" model="municipio">
		<field name="codigo">RUR</field>
		<field name="municipio">Rafael Urdaneta</field>
		<field name="estado_id" ref="geo_est_TAC"/>
	</record>

	<record id="geo_mun_TAC_SDM" model="municipio">
		<field name="codigo">SDM</field>
		<field name="municipio">Samuel Darío Maldonado</field>
		<field name="estado_id" ref="geo_est_TAC"/>
	</record>

	<record id="geo_mun_TAC_SCR" model="municipio">
		<field name="codigo">SCR</field>
		<field name="municipio">San Cristóbal</field>
		<field name="estado_id" ref="geo_est_TAC"/>
	</record>

	<record id="geo_mun_TAC_SEB" model="municipio">
		<field name="codigo">SEB</field>
		<field name="municipio">Seboruco</field>
		<field name="estado_id" ref="geo_est_TAC"/>
	</record>

	<record id="geo_mun_TAC_SRO" model="municipio">
		<field name="codigo">SRO</field>
		<field name="municipio">Simón Rodríguez</field>
		<field name="estado_id" ref="geo_est_TAC"/>
	</record>

	<record id="geo_mun_TAC_SUC" model="municipio">
		<field name="codigo">SUC</field>
		<field name="municipio">Sucre</field>
		<field name="estado_id" ref="geo_est_TAC"/>
	</record>

	<record id="geo_mun_TAC_TOR" model="municipio">
		<field name="codigo">TOR</field>
		<field name="municipio">Torbes</field>
		<field name="estado_id" ref="geo_est_TAC"/>
	</record>

	<record id="geo_mun_TAC_URI" model="municipio">
		<field name="codigo">URI</field>
		<field name="municipio">Uribante</field>
		<field name="estado_id" ref="geo_est_TAC"/>
	</record>

	<record id="geo_mun_TAC_SJT" model="municipio">
		<field name="codigo">SJT</field>
		<field name="municipio">San Judas Tadeo</field>
		<field name="estado_id" ref="geo_est_TAC"/>
	</record>

	<record id="geo_mun_TRU_ABE" model="municipio">
		<field name="codigo">ABE</field>
		<field name="municipio">Andrés Bello</field>
		<field name="estado_id" ref="geo_est_TRU"/>
	</record>

	<record id="geo_mun_TRU_BOC" model="municipio">
		<field name="codigo">BOC</field>
		<field name="municipio">Boconó</field>
		<field name="estado_id" ref="geo_est_TRU"/>
	</record>

	<record id="geo_mun_TRU_BOL" model="municipio">
		<field name="codigo">BOL</field>
		<field name="municipio">Bolívar</field>
		<field name="estado_id" ref="geo_est_TRU"/>
	</record>

	<record id="geo_mun_TRU_CAN" model="municipio">
		<field name="codigo">CAN</field>
		<field name="municipio">Candelaria</field>
		<field name="estado_id" ref="geo_est_TRU"/>
	</record>

	<record id="geo_mun_TRU_CAR" model="municipio">
		<field name="codigo">CAR</field>
		<field name="municipio">Carache</field>
		<field name="estado_id" ref="geo_est_TRU"/>
	</record>

	<record id="geo_mun_TRU_ESC" model="municipio">
		<field name="codigo">ESC</field>
		<field name="municipio">Escuque</field>
		<field name="estado_id" ref="geo_est_TRU"/>
	</record>

	<record id="geo_mun_TRU_JFM" model="municipio">
		<field name="codigo">JFM</field>
		<field name="municipio">José Felipe Márquez Cañizales</field>
		<field name="estado_id" ref="geo_est_TRU"/>
	</record>

	<record id="geo_mun_TRU_JVC" model="municipio">
		<field name="codigo">JVC</field>
		<field name="municipio">Juan Vicente Campo Elías</field>
		<field name="estado_id" ref="geo_est_TRU"/>
	</record>

	<record id="geo_mun_TRU_LCE" model="municipio">
		<field name="codigo">LCE</field>
		<field name="municipio">La Ceiba</field>
		<field name="estado_id" ref="geo_est_TRU"/>
	</record>

	<record id="geo_mun_TRU_MIR" model="municipio">
		<field name="codigo">MIR</field>
		<field name="municipio">Miranda</field>
		<field name="estado_id" ref="geo_est_TRU"/>
	</record>

	<record id="geo_mun_TRU_MCA" model="municipio">
		<field name="codigo">MCA</field>
		<field name="municipio">Monte Carmelo</field>
		<field name="estado_id" ref="geo_est_TRU"/>
	</record>

	<record id="geo_mun_TRU_MOT" model="municipio">
		<field name="codigo">MOT</field>
		<field name="municipio">Motatán</field>
		<field name="estado_id" ref="geo_est_TRU"/>
	</record>

	<record id="geo_mun_TRU_PAM" model="municipio">
		<field name="codigo">PAM</field>
		<field name="municipio">Pampán</field>
		<field name="estado_id" ref="geo_est_TRU"/>
	</record>

	<record id="geo_mun_TRU_PPA" model="municipio">
		<field name="codigo">PPA</field>
		<field name="municipio">Pampanito</field>
		<field name="estado_id" ref="geo_est_TRU"/>
	</record>

	<record id="geo_mun_TRU_RRA" model="municipio">
		<field name="codigo">RRA</field>
		<field name="municipio">Rafael Rangel</field>
		<field name="estado_id" ref="geo_est_TRU"/>
	</record>

	<record id="geo_mun_TRU_SRC" model="municipio">
		<field name="codigo">SRC</field>
		<field name="municipio">San Rafael De Carvajal</field>
		<field name="estado_id" ref="geo_est_TRU"/>
	</record>

	<record id="geo_mun_TRU_SUC" model="municipio">
		<field name="codigo">SUC</field>
		<field name="municipio">Sucre</field>
		<field name="estado_id" ref="geo_est_TRU"/>
	</record>

	<record id="geo_mun_TRU_TRU" model="municipio">
		<field name="codigo">TRU</field>
		<field name="municipio">Trujillo</field>
		<field name="estado_id" ref="geo_est_TRU"/>
	</record>

	<record id="geo_mun_TRU_URD" model="municipio">
		<field name="codigo">URD</field>
		<field name="municipio">Urdaneta</field>
		<field name="estado_id" ref="geo_est_TRU"/>
	</record>

	<record id="geo_mun_TRU_VAL" model="municipio">
		<field name="codigo">VAL</field>
		<field name="municipio">Valera</field>
		<field name="estado_id" ref="geo_est_TRU"/>
	</record>

	<record id="geo_mun_VAR_VAR" model="municipio">
		<field name="codigo">VAR</field>
		<field name="municipio">Vargas</field>
		<field name="estado_id" ref="geo_est_VAR"/>
	</record>

	<record id="geo_mun_YAR_ABA" model="municipio">
		<field name="codigo">ABA</field>
		<field name="municipio">Arístides Bastidas</field>
		<field name="estado_id" ref="geo_est_YAR"/>
	</record>

	<record id="geo_mun_YAR_BOL" model="municipio">
		<field name="codigo">BOL</field>
		<field name="municipio">Bolívar</field>
		<field name="estado_id" ref="geo_est_YAR"/>
	</record>

	<record id="geo_mun_YAR_BRU" model="municipio">
		<field name="codigo">BRU</field>
		<field name="municipio">Bruzual</field>
		<field name="estado_id" ref="geo_est_YAR"/>
	</record>

	<record id="geo_mun_YAR_COC" model="municipio">
		<field name="codigo">COC</field>
		<field name="municipio">Cocorote</field>
		<field name="estado_id" ref="geo_est_YAR"/>
	</record>

	<record id="geo_mun_YAR_IND" model="municipio">
		<field name="codigo">IND</field>
		<field name="municipio">Independencia</field>
		<field name="estado_id" ref="geo_est_YAR"/>
	</record>

	<record id="geo_mun_YAR_JAP" model="municipio">
		<field name="codigo">JAP</field>
		<field name="municipio">José Antonio Páez</field>
		<field name="estado_id" ref="geo_est_YAR"/>
	</record>

	<record id="geo_mun_YAR_LTR" model="municipio">
		<field name="codigo">LTR</field>
		<field name="municipio">La Trinidad</field>
		<field name="estado_id" ref="geo_est_YAR"/>
	</record>

	<record id="geo_mun_YAR_MMO" model="municipio">
		<field name="codigo">MMO</field>
		<field name="municipio">Manuel Monge</field>
		<field name="estado_id" ref="geo_est_YAR"/>
	</record>

	<record id="geo_mun_YAR_NIR" model="municipio">
		<field name="codigo">NIR</field>
		<field name="municipio">Nirgua</field>
		<field name="estado_id" ref="geo_est_YAR"/>
	</record>

	<record id="geo_mun_YAR_PEN" model="municipio">
		<field name="codigo">PEN</field>
		<field name="municipio">Peña</field>
		<field name="estado_id" ref="geo_est_YAR"/>
	</record>

	<record id="geo_mun_YAR_SFE" model="municipio">
		<field name="codigo">SFE</field>
		<field name="municipio">San Felipe</field>
		<field name="estado_id" ref="geo_est_YAR"/>
	</record>

	<record id="geo_mun_YAR_SUC" model="municipio">
		<field name="codigo">SUC</field>
		<field name="municipio">Sucre</field>
		<field name="estado_id" ref="geo_est_YAR"/>
	</record>

	<record id="geo_mun_YAR_URA" model="municipio">
		<field name="codigo">URA</field>
		<field name="municipio">Urachiche</field>
		<field name="estado_id" ref="geo_est_YAR"/>
	</record>

	<record id="geo_mun_YAR_JJV" model="municipio">
		<field name="codigo">JJV</field>
		<field name="municipio">José Juaquín Veroes</field>
		<field name="estado_id" ref="geo_est_YAR"/>
	</record>

	<record id="geo_mun_ZUL_APA" model="municipio">
		<field name="codigo">APA</field>
		<field name="municipio">Almirante Padilla</field>
		<field name="estado_id" ref="geo_est_ZUL"/>
	</record>

	<record id="geo_mun_ZUL_BAR" model="municipio">
		<field name="codigo">BAR</field>
		<field name="municipio">Baralt</field>
		<field name="estado_id" ref="geo_est_ZUL"/>
	</record>

	<record id="geo_mun_ZUL_CAB" model="municipio">
		<field name="codigo">CAB</field>
		<field name="municipio">Cabimas</field>
		<field name="estado_id" ref="geo_est_ZUL"/>
	</record>

	<record id="geo_mun_ZUL_CAT" model="municipio">
		<field name="codigo">CAT</field>
		<field name="municipio">Catatumbo</field>
		<field name="estado_id" ref="geo_est_ZUL"/>
	</record>

	<record id="geo_mun_ZUL_COL" model="municipio">
		<field name="codigo">COL</field>
		<field name="municipio">Colón</field>
		<field name="estado_id" ref="geo_est_ZUL"/>
	</record>

	<record id="geo_mun_ZUL_FJP" model="municipio">
		<field name="codigo">FJP</field>
		<field name="municipio">Francisco Javier Pulgar</field>
		<field name="estado_id" ref="geo_est_ZUL"/>
	</record>

	<record id="geo_mun_ZUL_JEL" model="municipio">
		<field name="codigo">JEL</field>
		<field name="municipio">Jesús Enrique Lossada</field>
		<field name="estado_id" ref="geo_est_ZUL"/>
	</record>

	<record id="geo_mun_ZUL_JMS" model="municipio">
		<field name="codigo">JMS</field>
		<field name="municipio">Jesús María Semprún</field>
		<field name="estado_id" ref="geo_est_ZUL"/>
	</record>

	<record id="geo_mun_ZUL_LCU" model="municipio">
		<field name="codigo">LCU</field>
		<field name="municipio">La Cañada De Urdaneta</field>
		<field name="estado_id" ref="geo_est_ZUL"/>
	</record>

	<record id="geo_mun_ZUL_LAG" model="municipio">
		<field name="codigo">LAG</field>
		<field name="municipio">Lagunillas</field>
		<field name="estado_id" ref="geo_est_ZUL"/>
	</record>

	<record id="geo_mun_ZUL_MDP" model="municipio">
		<field name="codigo">MDP</field>
		<field name="municipio">Machiques De Perijá</field>
		<field name="estado_id" ref="geo_est_ZUL"/>
	</record>

	<record id="geo_mun_ZUL_MAR" model="municipio">
		<field name="codigo">MAR</field>
		<field name="municipio">Mara</field>
		<field name="estado_id" ref="geo_est_ZUL"/>
	</record>

	<record id="geo_mun_ZUL_MBO" model="municipio">
		<field name="codigo">MBO</field>
		<field name="municipio">Maracaibo</field>
		<field name="estado_id" ref="geo_est_ZUL"/>
	</record>

	<record id="geo_mun_ZUL_MIR" model="municipio">
		<field name="codigo">MIR</field>
		<field name="municipio">Miranda</field>
		<field name="estado_id" ref="geo_est_ZUL"/>
	</record>

	<record id="geo_mun_ZUL_PAE" model="municipio">
		<field name="codigo">PAE</field>
		<field name="municipio">Páez</field>
		<field name="estado_id" ref="geo_est_ZUL"/>
	</record>

	<record id="geo_mun_ZUL_RDP" model="municipio">
		<field name="codigo">RDP</field>
		<field name="municipio">Rosario De Perijá</field>
		<field name="estado_id" ref="geo_est_ZUL"/>
	</record>

	<record id="geo_mun_ZUL_SFR" model="municipio">
		<field name="codigo">SFR</field>
		<field name="municipio">San Francisco</field>
		<field name="estado_id" ref="geo_est_ZUL"/>
	</record>

	<record id="geo_mun_ZUL_SRI" model="municipio">
		<field name="codigo">SRI</field>
		<field name="municipio">Santa Rita</field>
		<field name="estado_id" ref="geo_est_ZUL"/>
	</record>

	<record id="geo_mun_ZUL_SBO" model="municipio">
		<field name="codigo">SBO</field>
		<field name="municipio">Simón Bolívar</field>
		<field name="estado_id" ref="geo_est_ZUL"/>
	</record>

	<record id="geo_mun_ZUL_SUC" model="municipio">
		<field name="codigo">SUC</field>
		<field name="municipio">Sucre</field>
		<field name="estado_id" ref="geo_est_ZUL"/>
	</record>

	<record id="geo_mun_ZUL_VRO" model="municipio">
		<field name="codigo">VRO</field>
		<field name="municipio">Valmore Rodríguez</field>
		<field name="estado_id" ref="geo_est_ZUL"/>
	</record>

	</data>
</openerp>
